AA1,102030,PRUEBA,3168512010,EMPRESARIO 1,cra 86 sur # 86-09 ,3557801,suministro pruebas ,www.misone.com
AA2,102031,PRUEBA,3168512011,EMPRESARIO 2,cra 86 sur # 86-09 ,3557802,suministro pruebas ,www.misone.com
AA3,102032,PRUEBA,3168512012,EMPRESARIO 3,cra 86 sur # 86-09 ,3557803,suministro pruebas ,www.misone.com
AA4,102033,PRUEBA,3168512013,EMPRESARIO 4,cra 86 sur # 86-09 ,3557804,suministro pruebas ,www.misone.com
AA5,102034,PRUEBA,3168512014,EMPRESARIO 5,cra 86 sur # 86-09 ,3557805,suministro pruebas ,www.misone.com
AA6,102035,PRUEBA,3168512015,EMPRESARIO 6,cra 86 sur # 86-09 ,3557806,suministro pruebas ,www.misone.com
AA7,102036,PRUEBA,3168512016,EMPRESARIO 7,cra 86 sur # 86-09 ,3557807,suministro pruebas ,www.misone.com
AA8,102037,PRUEBA,3168512017,EMPRESARIO 8,cra 86 sur # 86-09 ,3557808,suministro pruebas ,www.misone.com
AA9,102038,PRUEBA,3168512018,EMPRESARIO 9,cra 86 sur # 86-09 ,3557809,suministro pruebas ,www.misone.com
AA10,102039,PRUEBA,3168512019,EMPRESARIO 10,cra 86 sur # 86-09 ,3557810,suministro pruebas ,www.misone.com
